code,system
U2Ay.,readv2
U261.,readv2
U2032,readv2
U22z.,readv2
U20y2,readv2
U2zy.,readv2
U251.,readv2
U201z,readv2
U2083,readv2
U2004,readv2
U2A3.,readv2
U203y,readv2
U2025,readv2
U20Cz,readv2
U2073,readv2
U256.,readv2
U2A4.,readv2
U233.,readv2
U20A3,readv2
U206.,readv2
U2y4.,readv2
U2055,readv2
U20C4,readv2
U2085,readv2
U20B4,readv2
U29..,readv2
U20A1,readv2
U2z3.,readv2
U2046,readv2
U2023,readv2
U286.,readv2
U2yy.,readv2
U25..,readv2
U2041,readv2
U2014,readv2
U20C.,readv2
U20C1,readv2
U2066,readv2
U292.,readv2
U28..,readv2
U234.,readv2
U2011,readv2
U281.,readv2
U20..,readv2
U254.,readv2
U20C6,readv2
U2A2.,readv2
U2zz.,readv2
U2024,readv2
U221.,readv2
U2031,readv2
U296.,readv2
U2006,readv2
U2042,readv2
U2C..,readv2
U2D6.,readv2
U291.,readv2
U21..,readv2
U2D2.,readv2
U720.,readv2
U20Bz,readv2
U20B.,readv2
U226.,readv2
U20A.,readv2
U206z,readv2
U293.,readv2
U2D5.,readv2
U2z4.,readv2
U2A1.,readv2
U2082,readv2
U2D..,readv2
U2z6.,readv2
U253.,readv2
U20B6,readv2
U2071,readv2
U2yz.,readv2
U235.,readv2
U206y,readv2
U20C2,readv2
U25y.,readv2
U2D3.,readv2
U202y,readv2
U264.,readv2
U2053,readv2
U294.,readv2
U25z.,readv2
U2y..,readv2
U20y6,readv2
U204.,readv2
U2036,readv2
U20A4,readv2
U202z,readv2
U20Az,readv2
U20y.,readv2
U2062,readv2
U2D1.,readv2
U2z5.,readv2
U20B2,readv2
U23y.,readv2
U2054,readv2
U2y6.,readv2
U20Ay,readv2
U252.,readv2
U202.,readv2
U2056,readv2
U20C3,readv2
U20yz,readv2
U262.,readv2
U2y1.,readv2
U28z.,readv2
U263.,readv2
U2z1.,readv2
U2z..,readv2
U207y,readv2
U2064,readv2
U2012,readv2
U203.,readv2
U20Cy,readv2
U21y.,readv2
U284.,readv2
U22..,readv2
U23..,readv2
U208y,readv2
U200y,readv2
U214.,readv2
U2003,readv2
U200.,readv2
U205.,readv2
U2065,readv2
U20A5,readv2
U2084,readv2
U20yy,readv2
U22y.,readv2
U212.,readv2
U2016,readv2
U215.,readv2
U28y.,readv2
U23z.,readv2
U2z2.,readv2
U2081,readv2
U225.,readv2
U203z,readv2
U2033,readv2
U2005,readv2
U255.,readv2
U213.,readv2
14K1.,readv2
U2044,readv2
U26z.,readv2
U20A2,readv2
U29z.,readv2
U20B5,readv2
U2075,readv2
U265.,readv2
U2061,readv2
U282.,readv2
U2035,readv2
U2Az.,readv2
U21z.,readv2
U208.,readv2
U2026,readv2
U2001,readv2
U2052,readv2
U222.,readv2
U2...,readv2
U236.,readv2
U2D4.,readv2
U283.,readv2
U20By,readv2
U224.,readv2
U20y1,readv2
U2Dz.,readv2
U26..,readv2
U20B3,readv2
U2Dy.,readv2
U2A..,readv2
U2072,readv2
U2045,readv2
U2015,readv2
U2021,readv2
U211.,readv2
U295.,readv2
U2076,readv2
U204y,readv2
U2063,readv2
U2y2.,readv2
U266.,readv2
U2A6.,readv2
U2A5.,readv2
U232.,readv2
U2022,readv2
U2y5.,readv2
U2086,readv2
U20y3,readv2
U20B1,readv2
U2y3.,readv2
U2074,readv2
U231.,readv2
U207z,readv2
U205z,readv2
U20C5,readv2
U201y,readv2
U216.,readv2
U20y5,readv2
U2002,readv2
U20A6,readv2
U285.,readv2
U26y.,readv2
U2013,readv2
U2051,readv2
U200z,readv2
U2034,readv2
U208z,readv2
U205y,readv2
U201.,readv2
U223.,readv2
U2043,readv2
U20y4,readv2
U207.,readv2
U204z,readv2
U29y.,readv2
X82.5,readv2
X78.3,readv2
X81.6,readv2
X70.9,readv2
X63.9,readv2
X82.9,readv2
X81.8,readv2
X75.8,readv2
X79.8,readv2
X84.6,readv2
X75.2,readv2
X71.5,readv2
X63.3,readv2
X80,readv2
X67.6,readv2
X74.2,readv2
X80.4,readv2
X60.5,readv2
X63.5,readv2
X74.9,readv2
X63.2,readv2
X62.1,readv2
X69.8,readv2
X70.5,readv2
X66.5,readv2
X71.9,readv2
X64.1,readv2
X63,readv2
X83,readv2
X72.6,readv2
X84,readv2
X80.8,readv2
X72.5,readv2
X60.3,readv2
X70.2,readv2
X63.4,readv2
X63.8,readv2
X77.5,readv2
X78.4,readv2
X66.9,readv2
X78.6,readv2
X74.1,readv2
X69.5,readv2
X66.4,readv2
X60,readv2
X64.3,readv2
X77.8,readv2
X66.8,readv2
X77.3,readv2
X81,readv2
X60.6,readv2
X84.9,readv2
X79.2,readv2
X78,readv2
X79,readv2
X63.6,readv2
X69.2,readv2
X69.6,readv2
X82.2,readv2
X71.3,readv2
X61.9,readv2
X66.3,readv2
Y87.0,readv2
X68.3,readv2
X77.4,readv2
X64.5,readv2
X75,readv2
X80.9,readv2
X75.3,readv2
X64.4,readv2
X62.3,readv2
X83.3,readv2
X70.3,readv2
X67.2,readv2
X62.8,readv2
X81.4,readv2
X78.9,readv2
X62,readv2
X69.4,readv2
X70.6,readv2
X71.4,readv2
X61.6,readv2
X62.6,readv2
X84.4,readv2
X77.9,readv2
X71.1,readv2
X84.3,readv2
X60.4,readv2
X80.3,readv2
X75.4,readv2
X84.8,readv2
X64.2,readv2
X60.8,readv2
X74.3,readv2
X67.4,readv2
X77.1,readv2
X68.9,readv2
X68.1,readv2
X60.2,readv2
X80.6,readv2
X75.6,readv2
X68.2,readv2
X80.2,readv2
X81.9,readv2
X61.5,readv2
X82.1,readv2
X81.2,readv2
X75.5,readv2
X61.4,readv2
X61,readv2
X77,readv2
X66.2,readv2
X60.9,readv2
X79.6,readv2
X78.2,readv2
X69,readv2
X63.1,readv2
X67.5,readv2
X70.1,readv2
X79.3,readv2
X75.1,readv2
X62.9,readv2
X68.5,readv2
X82,readv2
X81.5,readv2
X68.4,readv2
X70,readv2
X60.1,readv2
X77.2,readv2
X70.8,readv2
X78.1,readv2
X64,readv2
X74.5,readv2
X66.1,readv2
X79.5,readv2
X71.2,readv2
X66,readv2
X84.2,readv2
X64.8,readv2
X82.3,readv2
X82.4,readv2
X74.6,readv2
X84.5,readv2
X62.5,readv2
X79.9,readv2
X69.1,readv2
X61.8,readv2
X74.8,readv2
X70.4,readv2
X67,readv2
X62.2,readv2
X69.9,readv2
X67.1,readv2
X66.6,readv2
X79.1,readv2
X83.4,readv2
X83.5,readv2
X72.8,readv2
X80.5,readv2
X62.4,readv2
X83.2,readv2
X82.6,readv2
X68.6,readv2
X75.9,readv2
X83.1,readv2
X72.2,readv2
X68.8,readv2
X82.8,readv2
X72.9,readv2
X67.8,readv2
X83.6,readv2
X71.8,readv2
X78.5,readv2
X81.1,readv2
X68,readv2
X74.4,readv2
X80.1,readv2
X67.9,readv2
X71,readv2
X61.2,readv2
X78.8,readv2
X84.1,readv2
X72.3,readv2
X81.3,readv2
X71.6,readv2
X61.3,readv2
X61.1,readv2
X64.6,readv2
X64.9,readv2
X72,readv2
X83.8,readv2
X83.9,readv2
X74,readv2
X72.4,readv2
X69.3,readv2
X79.4,readv2
X72.1,readv2
X77.6,readv2
X67.3,readv2
Y87.0,readv2
TK601,readv2
ZRLfC12,readv2
U271.,readv2
U276.,readv2
U27y.,readv2
TKx1.,readv2
U270.,readv2
U274.,readv2
U273.,readv2
U275.,readv2
U272.,readv2
U277.,readv2
U27..,readv2
U27z.,readv2
U72..,readv2
X76.7,readv2
X76,readv2
X76.5,readv2
X76.1,readv2
X76.2,readv2
X76.0,readv2
X76.9,readv2
X76.3,readv2
X76.8,readv2
X76.4,readv2
X76.6,readv2
U45y.,readv2
U44z.,readv2
U445.,readv2
U4B6.,readv2
U440.,readv2
U4B..,readv2
U4B2.,readv2
U416.,readv2
U411.,readv2
U417.,readv2
U4B0.,readv2
U444.,readv2
U410.,readv2
U4B3.,readv2
U457.,readv2
U452.,readv2
U44..,readv2
U4B1.,readv2
U450.,readv2
U451.,readv2
U446.,readv2
U44y.,readv2
U453.,readv2
U41z.,readv2
U4B4.,readv2
U45z.,readv2
U41y.,readv2
U414.,readv2
U412.,readv2
U415.,readv2
U4B7.,readv2
U4Bz.,readv2
U41..,readv2
U4B5.,readv2
U442.,readv2
U45..,readv2
U454.,readv2
U447.,readv2
U4By.,readv2
U455.,readv2
U441.,readv2
U413.,readv2
U456.,readv2
U443.,readv2
Y14.6,readv2
Y14.8,readv2
Y24.9,readv2
Y24.7,readv2
Y16.3,readv2
Y23.9,readv2
Y33.7,readv2
Y25.6,readv2
Y26.3,readv2
Y26,readv2
Y26.2,readv2
Y22.2,readv2
Y13.1,readv2
Y21.5,readv2
Y18.1,readv2
Y13.7,readv2
Y31.1,readv2
Y14,readv2
Y10,readv2
Y10.8,readv2
Y20.6,readv2
Y10.2,readv2
Y17.7,readv2
Y29.4,readv2
Y17.9,readv2
Y34.8,readv2
Y25.9,readv2
Y23.5,readv2
Y24,readv2
Y34.0,readv2
Y29.6,readv2
Y11.8,readv2
Y31.7,readv2
Y29.7,readv2
Y32,readv2
Y21.9,readv2
Y27.6,readv2
Y24.3,readv2
Y34.9,readv2
Y34.7,readv2
Y27.1,readv2
Y10.7,readv2
Y31.9,readv2
Y33.6,readv2
Y17.6,readv2
Y26.5,readv2
Y12.3,readv2
Y10.9,readv2
Y24.2,readv2
Y18.6,readv2
Y16.1,readv2
Y13.3,readv2
Y12.2,readv2
Y32.2,readv2
Y30.0,readv2
Y28.2,readv2
Y31.3,readv2
Y32.8,readv2
Y16.7,readv2
Y17.8,readv2
Y20.8,readv2
Y18.5,readv2
Y28.6,readv2
Y12.9,readv2
Y10.4,readv2
Y24.4,readv2
Y17.0,readv2
Y13.8,readv2
Y33,readv2
Y22.3,readv2
Y25.2,readv2
Y24.8,readv2
Y20.5,readv2
Y26.1,readv2
Y22.0,readv2
Y25.5,readv2
Y21.3,readv2
Y14.1,readv2
Y24.0,readv2
Y12.5,readv2
Y33.3,readv2
Y11.0,readv2
Y33.4,readv2
Y17.2,readv2
Y18.7,readv2
Y12.4,readv2
Y23.7,readv2
Y26.6,readv2
Y20.0,readv2
Y20,readv2
Y22.5,readv2
Y19,readv2
Y10.3,readv2
Y10.1,readv2
Y29.2,readv2
Y28.5,readv2
Y25,readv2
Y11.4,readv2
Y31,readv2
Y25.8,readv2
Y20.2,readv2
Y18.0,readv2
Y16,readv2
Y29.1,readv2
Y23.1,readv2
Y12.0,readv2
Y34.4,readv2
Y28.4,readv2
Y25.3,readv2
Y34.6,readv2
Y21.2,readv2
Y20.7,readv2
Y11.3,readv2
Y18.2,readv2
Y34,readv2
Y10.0,readv2
Y26.7,readv2
Y22.8,readv2
Y12.7,readv2
Y32.0,readv2
Y19.7,readv2
Y14.4,readv2
Y29.5,readv2
Y14.0,readv2
Y34.3,readv2
Y28.7,readv2
Y29.9,readv2
Y20.4,readv2
Y29.0,readv2
Y33.2,readv2
Y18.3,readv2
Y28.3,readv2
Y32.7,readv2
Y21.0,readv2
Y18.9,readv2
Y27.7,readv2
Y31.5,readv2
Y32.1,readv2
Y33.9,readv2
Y30.4,readv2
Y22.7,readv2
Y29.8,readv2
Y22.1,readv2
Y21.4,readv2
Y28.8,readv2
Y34.1,readv2
Y19.1,readv2
Y14.7,readv2
Y21,readv2
Y28.9,readv2
Y30.3,readv2
Y21.6,readv2
Y32.9,readv2
Y27.8,readv2
Y11.9,readv2
Y24.1,readv2
Y19.3,readv2
Y28,readv2
Y21.8,readv2
Y13,readv2
Y30.9,readv2
Y13.0,readv2
Y23,readv2
Y31.6,readv2
Y27.2,readv2
Y11.2,readv2
Y30.8,readv2
Y11.7,readv2
Y33.1,readv2
Y30.6,readv2
Y18.4,readv2
Y23.3,readv2
Y10.6,readv2
Y30.5,readv2
Y17.4,readv2
Y25.4,readv2
Y21.1,readv2
Y12.1,readv2
Y32.5,readv2
Y28.0,readv2
Y23.6,readv2
Y16.9,readv2
Y32.6,readv2
Y11.6,readv2
Y12,readv2
Y87.2,readv2
Y11.5,readv2
Y14.3,readv2
Y34.2,readv2
Y12.8,readv2
Y23.8,readv2
Y17.5,readv2
Y19.2,readv2
Y27.4,readv2
Y20.1,readv2
Y26.0,readv2
Y19.6,readv2
Y26.8,readv2
Y25.0,readv2
Y14.5,readv2
Y13.2,readv2
Y22,readv2
Y16.0,readv2
Y23.0,readv2
Y11,readv2
Y33.5,readv2
Y31.4,readv2
Y19.4,readv2
Y27,readv2
Y17.3,readv2
Y13.6,readv2
Y30,readv2
Y13.5,readv2
Y16.6,readv2
Y12.6,readv2
Y32.4,readv2
Y31.8,readv2
Y31.2,readv2
Y26.9,readv2
Y23.2,readv2
Y16.5,readv2
Y27.5,readv2
Y27.3,readv2
Y22.9,readv2
Y27.0,readv2
Y24.6,readv2
Y24.5,readv2
Y13.4,readv2
Y27.9,readv2
Y20.3,readv2
Y19.9,readv2
Y16.8,readv2
Y17.1,readv2
Y34.5,readv2
Y30.7,readv2
Y30.1,readv2
Y20.9,readv2
Y22.4,readv2
Y18.8,readv2
Y21.7,readv2
Y25.7,readv2
Y32.3,readv2
Y11.1,readv2
Y30.2,readv2
Y17,readv2
Y31.0,readv2
Y16.2,readv2
Y18,readv2
Y28.1,readv2
Y14.9,readv2
Y33.8,readv2
Y22.6,readv2
Y19.8,readv2
Y16.4,readv2
Y14.2,readv2
Y33.0,readv2
Y29.3,readv2
Y29,readv2
Y19.5,readv2
Y10.5,readv2
Y26.4,readv2
Y25.1,readv2
Y13.9,readv2
Y19.0,readv2
Y23.4,readv2
TK6z.,readv2
TKx4.,readv2
ZX1J.,readv2
ZX1H1,readv2
TK3y.,readv2
TK3z.,readv2
TK3..,readv2
ZX12.,readv2
ZX15.,readv2
ZX13.,readv2
ZX1N.,readv2
U2E..,readv2
ZX191,readv2
ZX1L2,readv2
ZX1L6,readv2
ZX131,readv2
ZX19.,readv2
ZX1L1,readv2
ZX1LD,readv2
ZX192,readv2
ZX11.,readv2
ZX1E.,readv2
ZX1C.,readv2
ZX18.,readv2
ZX1L3,readv2
ZX1M.,readv2
ZX1L.,readv2
ZX1G.,readv2
ZX1H2,readv2
U260.,readv2
U2070,readv2
U20A0,readv2
U2D0.,readv2
U2020,readv2
U20C0,readv2
U2A0.,readv2
U210.,readv2
U20B0,readv2
U2050,readv2
U280.,readv2
U2000,readv2
U20y0,readv2
U2010,readv2
U2060,readv2
U220.,readv2
U240.,readv2
U2080,readv2
U230.,readv2
U2030,readv2
U2y0.,readv2
U2z0.,readv2
U250.,readv2
U2040,readv2
U290.,readv2
X68.0,readv2
X79.0,readv2
X61.0,readv2
X63.0,readv2
X77.0,readv2
X75.0,readv2
X78.0,readv2
X69.0,readv2
X67.0,readv2
X70.0,readv2
X73.0,readv2
X64.0,readv2
X72.0,readv2
X66.0,readv2
X82.0,readv2
X71.0,readv2
X80.0,readv2
X83.0,readv2
X74.0,readv2
X60.0,readv2
X84.0,readv2
X62.0,readv2
X81.0,readv2
TK4..,readv2
TK55.,readv2
TKz..,readv2
TKxy.,readv2
TK30.,readv2
TKx01,readv2
TKxz.,readv2
TK51.,readv2
TK60.,readv2
TK5z.,readv2
TKx5.,readv2
TK...,readv2
TK50.,readv2
TK61.,readv2
TK54.,readv2
TKx0z,readv2
TKx..,readv2
TKx0.,readv2
TK72.,readv2
U2B1.,readv2
U2C6.,readv2
U2C1.,readv2
U2C7.,readv2
U2C4.,readv2
U2C5.,readv2
U2B0.,readv2
U2C2.,readv2
U2Bz.,readv2
U2B..,readv2
U2Cz.,readv2
U2B7.,readv2
U2B3.,readv2
U2C0.,readv2
U2C3.,readv2
TK7..,readv2
U2By.,readv2
U2B2.,readv2
U2B5.,readv2
U2B6.,readv2
U2Cy.,readv2
U2B4.,readv2
TK20.,readv2
TK015,readv2
TK010,readv2
SL900,readv2
SL903,readv2
SL...,readv2
SL901,readv2
ZX1R.,readv2
ZX1Q.,readv2
U24y.,readv2
U241.,readv2
U24z.,readv2
U244.,readv2
U243.,readv2
U242.,readv2
U245.,readv2
U246.,readv2
U24..,readv2
X73.1,readv2
X73,readv2
X73.5,readv2
X73.8,readv2
X73.6,readv2
X73.3,readv2
X73.4,readv2
X73.2,readv2
X73.9,readv2
U20A7,readv2
U20C7,readv2
U2A7.,readv2
U2007,readv2
U2z7.,readv2
U257.,readv2
U2037,readv2
U237.,readv2
U2087,readv2
U2077,readv2
U247.,readv2
U20B7,readv2
U2027,readv2
U2067,readv2
U2D7.,readv2
U2057,readv2
U2017,readv2
U20y7,readv2
U2y7.,readv2
U217.,readv2
U267.,readv2
U227.,readv2
U2047,readv2
U297.,readv2
U287.,readv2
X79.7,readv2
X64.7,readv2
X83.7,readv2
X61.7,readv2
X81.7,readv2
X69.7,readv2
X77.7,readv2
X60.7,readv2
X80.7,readv2
X72.7,readv2
X82.7,readv2
X67.7,readv2
X71.7,readv2
X75.7,readv2
X66.7,readv2
X74.7,readv2
X73.7,readv2
X63.7,readv2
X84.7,readv2
X78.7,readv2
X70.7,readv2
X62.7,readv2
X68.7,readv2
ZX1B.,readv2
ZX1B2,readv2
ZX1B1,readv2
ZX1B3,readv2
TK10.,readv2
TK11.,readv2
ZX1S.,readv2
TK06.,readv2
SL902,readv2
TK011,readv2
TK014,readv2
TK6..,readv2
TK5..,readv2
TK2z.,readv2
TK1y.,readv2
TK2..,readv2
TK21.,readv2
TK02.,readv2
TK2y.,readv2
TK01z,readv2
TK01.,readv2
ZX1H.,readv2
TKx00,readv2
TK7z.,readv2
TKx7.,readv2
TK0z.,readv2
TK0..,readv2
TK1..,readv2
TK1z.,readv2
TKx2.,readv2
ZX1I.,readv2
TK53.,readv2
SL90z,readv2
SL90.,readv2
TK07.,readv2
TK70.,readv2
TK05.,readv2
TK04.,readv2
SLHz.,readv2
ZX1K.,readv2
TK52.,readv2
TK00.,readv2
TK013,readv2
TK012,readv2
TK31.,readv2
TK08.,readv2
TKx3.,readv2
TK03.,readv2
TKx6.,readv2
TKy..,readv2
TK71.,readv2
X7,readv2
X6,readv2
Y2,readv2
Y1,readv2